ژول,فضاپیما,0.367879441,0.43793388,0.5,0.067818161,0.891919156,1.64379213,2.513842011,0.254270208,0.090909091,0.581856605,10,0
سرزمین موعود,باکو,0.535261429,0.605347953,0.869565217,0.110479332,0.958194126,2.517569801,5.47233684,0.54733931,0.166666667,0.84509804,12,2
ماشین,دوچرخه,0.687289279,0.757648601,0.888888889,0.279773159,0.970794058,4.492154435,6.761572769,0.790944255,0.2,0.924279286,14,19
چندوجهی,بازیگر,0.367879441,0.437949923,0.153846154,0.055599752,0.890720515,2.719668728,0,0,0.111111111,0.669006781,0,1
اسکلروز چندگانه,ام‌اس,1,1.132373698,1,20,1,3,20,1,1,2,16,219
گسل,سامانه,0.367879441,0.43793388,0.714285714,0.084866168,0.965033521,2.328698084,3.378797309,0.364470532,0.142857143,0.77815125,10.75,0
سلاح,کلاه‌ ایمنی,0.535261429,0.605396085,0.588235294,0.086361304,0.983400548,3.350358234,3.378797309,0.368525286,0.111111111,0.669006781,10.75,5
نمایشنامه‌نویس,تلویزیون,0.472366553,0.542420992,0.421052632,0.068522423,0.889831599,2.213665511,2.513842011,0.256234111,0.076923077,0.509305938,9.75,0
سازمان ملل متحد,بان‌کی‌مون,0.687289279,0.757391847,0.1,0.05024916,0.970229502,1.730381456,0,0,0.090909091,0.581856605,15,3
سی‌وسه‌پل,پل ریاضی,-1,-1,-1,-1,-1,-1,-1,-1,-1,-1,-1,-1
قصر سلطنتی,موزائیک,0.535261429,0.605315868,0.1,0.05027455,0.908048923,2.428793325,0,0,0.090909091,0.581856605,0,0
آبرنگ,قلمو,-1,-1,-1,-1,-1,-1,-1,-1,-1,-1,-1,-1
دموکراسی,سلطنت,0.472366553,0.542469121,0.307692308,0.057058641,0.971888748,2.859717505,1.17626407,0.118346204,0.142857143,0.77815125,12,3
گاوس,دانشمند,0.778800783,0.848871265,0.875,0.131084368,0.911736506,2.048470991,4.402894239,0.535812358,0.333333333,1.146128036,14,1
سل,ال‌ای‌دی,0.535261429,0.605363996,0.266666667,0.057857152,0.87807187,2.337918367,1.356096287,0.135635804,0.090909091,0.581856605,10,3
خودروی خودگردان,خودروی روباتیک,1,1.132373698,1,20,1,3,20,1,1,2,16,101
آخرالزمان,آتش,0.472366553,0.542437034,0.5,0.072410404,0.976022003,2.247432196,3.092985145,0.309358215,0.111111111,0.669006781,9.75,1
سرعت,پست,0.472366553,0.542453077,0.555555556,0.078766411,0.98891625,3.328484842,3.246267218,0.338358999,0.125,0.720159303,11.75,2
پلی‌استیشن,وی,0.687289279,0.757712807,0,0,0.91860766,2.795052486,0,0,0.333333333,1.146128036,14,23
لپ‌تاپ,رایانه کیفی,1,1.132373698,1,20,1,3,20,1,1,2,16,119
هری پاتر,جادوگر,0.535261429,0.605347953,0.142857143,0.050009651,0.893551099,1.372921842,0,0,0.125,0.720159303,13,2
اسنوبرد,اسکی,0.535261429,0.605460266,0.941176471,0.165183675,0.979144337,2.641633517,6.918456437,0.695644563,0.25,1.021189299,11.75,9
اشاره‌گر,اسلاید,0.535261429,0.605363996,0.666666667,0.075536998,0.942893723,1.518352827,3.378797309,0.337944948,0.125,0.720159303,11.75,3
حسگر,رادیاتور,0.535261429,0.60533191,0.666666667,0.077398829,0.94842746,2.336045484,3.378797309,0.343414078,0.125,0.720159303,11.75,1
اصابت,قاب,0.367879441,0.437949923,0.153846154,0.050667213,0.951770228,3.079516631,0,0,0.090909091,0.581856605,6.75,1
نظریه,فرضیه,0.535261429,0.605556552,0.875,0.197673877,0.970704989,3.207831032,6.08604719,0.706409528,0.333333333,1.146128036,14,15
وال‌استریت,بازار مالی,-1,-1,-1,-1,-1,-1,-1,-1,-1,-1,-1,-1
داروین,تکامل,0.367879441,0.43793388,0.111111111,0.05024916,0.791529819,1.252431226,0,0,0.076923077,0.509305938,11,0
بازیگر,هنرپیشه‌,0.882496903,1.017987107,1,20,1,7,20,1,1,2,16,5507
فیلم,تئاتر,0.535261429,0.605588651,0.8,0.205281112,0.991984467,4.351215505,7.12639057,0.745276585,0.25,1.021189299,14,17
سرود ملی,میهن‌دوستی,0,0.070054439,0.235294118,0.056809175,0.875288692,1.386867121,1.17626407,0.117889782,0.083333333,0.544068044,12,0
نمایشگر,مانیتور,1,1.132373698,1,20,1,6,20,1,1,2,16,156
لبنیات,عسل,0.535261429,0.605363996,0.777777778,0.235277086,0.98367915,2.630184679,7.246534882,0.773236831,0.166666667,0.84509804,12,3
کوه اورست,کومولانگما,1,1.132373698,1,20,1,4,20,1,1,2,16,152
طناب‌کشی,مار و پله,0.535261429,0.60538004,0.518518519,0.203185205,0.983022346,2.855095023,7.537261097,0.753871592,0.2,0.924279286,14,4
آفت‌کش,آفت,0.687289279,0.757375803,0.333333333,0.063268268,0.986831457,3.482381098,1.17626407,0.129557059,0.1,0.62324929,15,2
پليس,سیاستمدار,0.535261429,0.606070331,0.823529412,0.115596842,0.889762692,3.299867272,4.402894239,0.504440544,0.2,0.924279286,11.75,47
نوروسایکولوژی,فراروانشناسی,0.535261429,0.60549236,0.8,0.120337836,0.949190858,2.642639841,5.843101011,0.584422883,0.166666667,0.84509804,14,11
باتری,انرژی,0.687289279,0.75747207,0.285714286,0.065595287,0.9469271,4.027672081,1.356096287,0.151036579,0.111111111,0.669006781,15,8
لژیون دونور,لوازم تحریر,0.367879441,0.43793388,0.142857143,0.053876245,0.936728921,2.037892145,0,0,0.111111111,0.669006781,6,0
مرد عنکبوتی,خیابان,0.472366553,0.542420992,0.125,0.054737775,0.858067059,1.383946617,0,0,0.090909091,0.581856605,0,0
شبه‌جزیره,جزیره,0.535261429,0.608644183,0.666666667,0.078642819,0.98776649,3.673235948,1.998503479,0.239159485,0.2,0.924279286,11.75,207
استوا,اکوادور,0.535261429,0.60533191,0.470588235,0.079908092,0.976612374,1.536488641,3.740881649,0.374160371,0.142857143,0.77815125,11,1
چارت,گراف,0.687289279,0.757760966,0.947368421,0.193902787,0.944486951,2.877574818,7.179671937,0.73575151,0.333333333,1.146128036,0,26
شبیه‌سازی,رباتیک,0.367879441,0.437949923,0.375,0.064963929,0.922086294,2.398612499,2.257985671,0.226829177,0.125,0.720159303,0,1
نایک,آدیداس,-1,-1,-1,-1,-1,-1,-1,-1,-1,-1,-1,-1
جامعه,فرهنگ,0.778800783,0.849818524,0.909090909,0.135005246,0.976159968,4.261340701,6.091777864,0.621905858,0.5,1.322219295,15,60
بازی استراتژیکی,استراتژی,-1,-1,-1,-1,-1,-1,-1,-1,-1,-1,-1,-1
کلیسا,کلیسای جامع,0.778800783,0.849192208,0.941176471,0.385672117,0.967487266,2.037364069,8.413950091,0.866489576,0.5,1.322219295,15,21
مترجم,خارجی,0.535261429,0.605347953,0.933333333,0.0957083,0.894936192,2.009907117,4.402894239,0.457343701,0.25,1.021189299,0,2
بیوتوپ,بیولوژی,0.687289279,0.757407891,0.111111111,0.054436068,0.961335247,2.614825839,0,0,0.066666667,0.447158031,15,4
ماگما,آتش‌فشان,0.472366553,0.542613531,0.533333333,0.067280734,0.966414617,2.769064546,2.513842011,0.25276455,0.111111111,0.669006781,14,12
طوفان فکری,تلسکوپ,0.367879441,0.437949923,0.166666667,0.050469827,0.902208224,2.217231305,0,0,0.1,0.62324929,0,1
مرحله,امتیاز,0.535261429,0.605363996,0.461538462,0.095140935,0.973378365,3.430798165,4.28874754,0.449360706,0.166666667,0.84509804,12.75,3
پنی,معامله,0.367879441,0.43793388,0.307692308,0.06785415,0.667298573,1.241971633,1.17626407,0.137655082,0.090909091,0.581856605,12,0
حزب سیاسی,انجمن,0.687289279,0.758355222,1,0.169234722,0.978714532,4.557868716,5.260410826,0.640350945,0.333333333,1.146128036,14,63
سونامی,دریا,0.687289279,0.75743998,0.25,0.06057437,0.928253059,2.686390654,1.17626407,0.124728706,0.111111111,0.669006781,15,6
شترمرغ,باغ سیب,-1,-1,-1,-1,-1,-1,-1,-1,-1,-1,-1,-1
دارچین,آب‌نبات,0.535261429,0.60533191,0.5,0.111796048,0.987426737,2.729567373,5.322907637,0.543412369,0.142857143,0.77815125,12,1
جارو,خاک,0.535261429,0.605428175,0.6,0.077836359,0.979978584,3.464267473,1.998503479,0.237288925,0.142857143,0.77815125,14,7
کهکشان,منجم,0.367879441,0.438030142,0.153846154,0.054544683,0.962297643,4.387336443,0,0,0.1,0.62324929,13,6
آبمیوه,میلک‌شیک,0.687289279,0.75752021,1,0.211691544,0.945209732,1.732050544,7.467906954,0.759718516,0.333333333,1.146128036,14,11
کرکره,پرده,0.778800783,0.849722129,0.941176471,1.307632541,0.936932114,2.235036773,9.369461536,0.960789889,0.5,1.322219295,9,54
مجرم,خلافکار,0.882496903,0.963503755,1,20,1,4,20,1,1,2,16,681
سرطان لوزالمعده,شیمی‌درمانی,0.472366553,0.542453077,0,0,0.927758575,2.579452199,0,0,0.076923077,0.509305938,14,2
گذشته,پیشین,0.472366553,0.542437034,-1,-1,-1,-1,-1,-1,-1,-1,-1,1
سازمان ملل متحد,پارلمان اروپا,0.535261429,0.605347953,0.117647059,0.05024916,0.958934401,1.772166631,0,0,0.111111111,0.669006781,12.75,2
آهنگ,مجری,0.472366553,0.542453077,0.142857143,0.055008335,0.983234244,3.308397788,0,0,0.111111111,0.669006781,12,2
تفنگ,دفتریادداشت,0.472366553,0.542437034,0.6,0.088684164,0.935951475,2.540407273,4.185931696,0.426096002,0.111111111,0.669006781,0,1
استیل کولین,عنبیه,0.472366553,0.542420992,0.25,0.057857152,0.952730975,2.17144736,1.356096287,0.135635804,0.1,0.62324929,9.75,0
الفبا,خودکار,0.472366553,0.542437034,0.117647059,0.05423583,0.756909862,2.225824721,0,0,0.076923077,0.509305938,11.75,1
گروه کر,خواننده,0.472366553,0.542437034,0.470588235,0.094506363,0.845716882,1.765135512,4.18842733,0.441860279,0.125,0.720159303,14,1
چوب,پتو,0.535261429,0.60533191,0.714285714,0.081594252,0.959607563,2.29471513,3.378797309,0.355412965,0.142857143,0.77815125,0,1
سرباز,صلح,0.472366553,0.542437034,0.476190476,0.075433293,0.940241694,2.907024428,3.246267218,0.3287479,0.125,0.720159303,9.75,1
انگلیسی,آمریکایی,0.535261429,0.60533191,0.222222222,0.058367621,0.928932448,2.313897979,1.17626407,0.120733392,0.071428571,0.477121255,11,1
مارمولک,تمساح,0.687289279,0.758178496,1,0.714736529,0.993470649,2.893439097,9.235930143,0.929589927,0.333333333,1.146128036,14,52
پول,پول نقد,0.687289279,0.757680703,1,0.604978604,0.927770483,3.254410358,8.745307227,0.913655007,0.333333333,1.146128036,14,21
پاولِ هشت‌پا,هشت‌پا,1,1.132373698,1,20,1,3,20,1,1,2,16,160
تقویم,تعطیلات,0.535261429,0.605315868,0.285714286,0.057676012,0.892133447,2.413911357,1.17626407,0.119473717,0.090909091,0.581856605,0,0
باز,ماده شیمیایی,0.535261429,0.605572601,0.857142857,0.221615528,0.98135642,4.557262359,5.751362264,0.718244966,0.333333333,1.146128036,14,16
دولت,مارمولک,0.472366553,0.542453077,0.666666667,0.140953435,0.964736252,3.245020862,5.09873897,0.589721632,0.166666667,0.84509804,10,2
ین,پولشویی,0.367879441,0.437965966,0.285714286,0.056677736,0.788790897,1.863246129,1.17626407,0.117649111,0.090909091,0.581856605,9,2
ديپ‌مایند,گوگل ديپ‌مایند,-1,-1,-1,-1,-1,-1,-1,-1,-1,-1,-1,-1
شطرنج,کیش,0.472366553,0.542501209,0.588235294,0.074054294,0.987902289,3.400811682,3.246267218,0.32468938,0.125,0.720159303,15,5
غزل,زیبایی,0.367879441,0.43793388,0.3,0.073379154,0.884420587,2.197969682,3.092985145,0.312204848,0.125,0.720159303,10,0
کارمند,دفتر,0.535261429,0.605540503,0.666666667,0.151173211,0.973052312,3.595502104,4.18842733,0.558763058,0.25,1.021189299,14,14
پول,بورس,0.535261429,0.605540503,0.814814815,0.310859609,0.985503025,3.214715604,7.39733173,0.813967001,0.166666667,0.84509804,14,14
پلی‌ستر,پنبه,0.535261429,0.605347953,0.75,0.117738259,0.961421908,2.984537851,5.751362264,0.575247238,0.142857143,0.77815125,13,2
محکمه,عدالت,0.472366553,0.542437034,0.307692308,0.059499185,0.933490822,2.731861678,1.17626407,0.122786632,0.090909091,0.581856605,12,1
دم,پشت,0.687289279,0.757488116,1,0.247570431,0.981283581,4.288725413,7.943946461,0.797298906,0.333333333,1.146128036,15,9
تصادف,کتاب,0.472366553,0.542469121,0.727272727,0.080788579,0.971276574,3.222639389,2.808336579,0.312129989,0.166666667,0.84509804,12.75,3
بوران,باد,0.687289279,0.758017876,1,0.485252692,0.958462709,2.767235337,8.185691439,0.888196422,0.333333333,1.146128036,14,42
پیانو,هارمونی,0.472366553,0.542437034,0.105263158,0.05024916,0.975347704,2.551350147,0,0,0.083333333,0.544068044,11,1
سلطان,وزارت,0.472366553,0.543705703,0.571428571,0.076882874,0.978830908,2.665390705,2.513842011,0.278781728,0.142857143,0.77815125,10.75,80
بیابان,تپه ماسه‌ای,0.367879441,0.43793388,0.428571429,0.064814743,0.947555356,2.407581385,1.998503479,0.205759816,0.111111111,0.669006781,11,0
ضرب,تقسیم,0.687289279,0.75825882,1,0.947491795,0.984008056,3.020488928,9.42270605,0.946966127,0.333333333,1.146128036,14,57
ویروس,خون‌,0.472366553,0.542437034,0.285714286,0.05979312,0.965556056,3.397236331,1.356096287,0.139541025,0.090909091,0.581856605,10,1
عصر یخبندان,قانون,0.472366553,0.542453077,0.4,0.074600672,0.924348899,2.461803717,3.092985145,0.315760953,0.111111111,0.669006781,0,2
شمشیر,محیط,0.367879441,0.43793388,0.444444444,0.067561166,0.956920119,3.715565145,2.513842011,0.253550968,0.083333333,0.544068044,9.75,0
مدرسه ابتدایی,مداد,0.367879441,0.43793388,0.105263158,0.050574023,0.914946006,2.23608051,0,0,0.083333333,0.544068044,11.75,0
کریکت,حامی,0.472366553,0.542453077,0.434782609,0.074054294,0.943838198,2.040339453,3.246267218,0.32468938,0.1,0.62324929,8.75,2
مجسمه,تندیس,1,1.132373698,1,20,1,6,20,1,1,2,16,1364
مرورگر وب,موزیلا فایرفاکس,0.778800783,0.84952938,0.952380952,0.518507703,0.963764363,1.68327797,8.31452431,0.896074633,0.5,1.322219295,15,42
لایکا,کنون,-1,-1,-1,-1,-1,-1,-1,-1,-1,-1,-1,-1
اچ‌اس‌بی‌سی,بریتانیا,0.472366553,0.542453077,0.5,0.093494628,0.876259459,1.37671194,4.650169328,0.465106689,0.142857143,0.77815125,12,2
کتاب مقدس,انجیل,0.778800783,0.849144055,0.965517241,0.173292662,0.961052579,1.620233472,7.033245459,0.709101036,0.5,1.322219295,15,18
لباس,رقص,0.472366553,0.542790081,0.153846154,0.06026652,0.939941395,2.731695339,0,0,0.111111111,0.669006781,11,23
آرایه,لیست,0.535261429,0.606054269,0.615384615,0.15522755,0.982576279,3.056319972,5.304431361,0.622183535,0.142857143,0.77815125,7.75,46
سلول,زندان,0.535261429,0.605412129,0.8,0.144116186,0.966924902,4.190509192,6.309190741,0.645202986,0.142857143,0.77815125,14,6
انشا,تکلیف,0.367879441,0.437982009,0.476190476,0.083896236,0.911191315,2.405619596,3.246267218,0.352624771,0.142857143,0.77815125,10.75,3
رایانه,دستگاه,0.535261429,0.606455927,0.875,0.234646478,0.993754885,4.15099754,5.216548619,0.709984328,0.25,1.021189299,12,71
پاندا,خرس قطبی,0.535261429,0.605460266,0.923076923,0.186179706,0.910701433,1.603913294,7.31249285,0.731390429,0.2,0.924279286,12,9
اختلال اعصاب,ذهن,0.472366553,0.542420992,0.4,0.068095588,0.967603204,2.339454811,2.257985671,0.235192012,0.111111111,0.669006781,10,0
کمپین,میمون,0.367879441,0.437949923,0.333333333,0.074864182,0.898175556,2.419465449,3.319308881,0.331994957,0.1,0.62324929,8,1
ثابت فارادی,کوله‌پشتی,0.367879441,0.43793388,0.142857143,0.050009651,0.80547835,2.187445012,0,0,0.071428571,0.477121255,9.75,0
کاخ,آسمان‌خراش,0.687289279,0.758789185,0.933333333,0.217593373,0.990622965,5.343352338,6.875076142,0.749495359,0.333333333,1.146128036,14,90
هلی‌کوپتر,هواپیما,0.687289279,0.759722158,1,0.956298674,0.983592249,3.832130696,9.104252319,0.945689863,0.333333333,1.146128036,14,148
دانشگاه کمبریج,دانشگاه آکسفورد,0.778800783,0.850220307,1,0.186022459,0.982469425,2.90217872,7.310222701,0.73116337,0.333333333,1.146128036,14,85
پرچم,میله,0.535261429,0.605347953,0.666666667,0.084172092,0.983659886,3.383597761,3.378797309,0.362570474,0.125,0.720159303,8.75,2
پنجره,سقف,0.687289279,0.757375803,0.588235294,0.0797105,0.968590599,4.911640317,3.378797309,0.350080143,0.125,0.720159303,13,2
ورق‌بازی,فریزبی,0.472366553,0.542453077,0.076923077,0.050480691,0.949062969,2.570226302,0,0,0.090909091,0.581856605,13,2
بدافزار,کرم,0.778800783,0.84996314,0.941176471,0.220716076,0.969469127,3.358744165,7.588875367,0.770113547,0.5,1.322219295,15,69
سیاره,ستاره,0.687289279,0.75825882,1,0.44189201,0.972812202,5.463130389,7.898009366,0.874688828,0.333333333,1.146128036,14,57
دونده,ورزشکار,0.778800783,0.84952938,1,0.299468574,0.98302915,2.548961507,8.173520903,0.827489736,0.5,1.322219295,15,42
کالیبر,چتر,0.472366553,0.542420992,0.111111111,0.050009651,0.948912426,2.27281367,0,0,0.1,0.62324929,0,0
وای‌فای,ویکی‌لیکس,0.367879441,0.437949923,0.111111111,0.050009651,0.898543385,1.259907911,0,0,0.071428571,0.477121255,9.75,1
خشکسالی,آب‌,0.472366553,0.542549344,0.428571429,0.099584446,0.97663494,2.7047319,3.092985145,0.381198237,0.125,0.720159303,12,8
فرودگاه,قطعه,0.535261429,0.605363996,0.428571429,0.069413211,0.893016351,2.445627708,1.998503479,0.211071446,0.142857143,0.77815125,0,3
ارکستر,گروه‌موسیقی,0.778800783,0.849063809,0.923076923,0.115414954,0.975757346,1.938340222,5.260410826,0.548381881,0.5,1.322219295,15,13
موخیتو,موهیتو,1,1.132373698,1,20,1,3,20,1,1,2,16,94
سرفصل دروس,امتحان,-1,-1,-1,-1,-1,-1,-1,-1,-1,-1,-1,-1
قضیه,نظریه,0.535261429,0.606664877,0.8,0.148120742,0.986851791,5.556453179,5.818567824,0.632852528,0.166666667,0.84509804,12,84
یویو,اسباب‌بازی,0.778800783,0.849192208,0.909090909,0.089097633,0.984651275,1.732681254,3.378797309,0.375813659,0.5,1.322219295,15,21
کولاک,باران,0.535261429,0.605396085,0,0,0.987330417,2.725581391,0,0,0.166666667,0.84509804,11.75,5
مورخ,تاریخ‌نگار,1,1.132373698,1,20,1,5,20,1,1,2,16,1190
زیمنس,قطار برقی,0.472366553,0.542453077,0.588235294,0.075536998,0.924751803,2.542932375,3.378797309,0.337944948,0.1,0.62324929,10.75,2
قرن,سال,0.687289279,0.757552305,1,0.137091333,0.984961678,4.543892356,5.887196331,0.617468995,0.333333333,1.146128036,14,13
آلیاژ,فولاد,0.778800783,0.849481202,0.923076923,0.360875689,0.927771164,3.358558975,8.034460469,0.852917014,0.5,1.322219295,15,39
دادرس,قاضی,0.778800783,0.84952938,1,3.3212359,0.965036555,4.165343538,9.535446673,0.984457312,0.5,1.322219295,14,42
آشفتگی,کلاس,0.367879441,0.437949923,0.444444444,0.073430817,0.938984336,2.55362225,1.17626407,0.147301939,0.125,0.720159303,10,1
یادگیری از راه دور,اینترنت,0.472366553,0.542437034,0.125,0.050469827,0.945986497,1.460506351,0,0,0.071428571,0.477121255,0,1
ماسه,پا,0.472366553,0.542501209,0.555555556,0.076306669,0.965745031,3.279904221,3.378797309,0.340216868,0.142857143,0.77815125,10,5
صندوق بین‌المللی پول,دویچه بانک,-1,-1,-1,-1,-1,-1,-1,-1,-1,-1,-1,-1
گاردین,تایمز,0.778800783,0.850027424,1,0.261842823,0.937932504,2.899778475,8.08852769,0.809008892,0.333333333,1.146128036,14,73
کرم ابریشم,راه ابریشم,0.367879441,0.43793388,0.24,0.074864182,0.78793197,1.404343999,3.319308881,0.331994957,0.071428571,0.477121255,11,0
آزادی,واحه,0.535261429,0.60533191,0.555555556,0.089477493,0.937160299,2.199805161,4.410072753,0.441092398,0.2,0.924279286,0,1
سيتوپلاسم,انگشت,0.535261429,0.605347953,0.333333333,0.061012329,0.933396396,3.271741199,1.356096287,0.141982346,0.1,0.62324929,11.75,2
پروتستان,مسیحی,0.687289279,0.757391847,0.111111111,0.050516609,0.947389318,2.322652447,0,0,0.125,0.720159303,14,3
لئوناردو‌دا‌وینچی,شام آخر,0.687289279,0.757343718,0,0,0.941111875,1.676813524,0,0,0.090909091,0.581856605,15,0
نقشه,مربع,0.472366553,0.542437034,0.25,0.056851954,0.966708584,2.435390803,1.17626407,0.117968083,0.111111111,0.669006781,12,1
پارلمان,کنگره,0.535261429,0.605460266,0.823529412,0.18351963,0.937234697,4.105891242,7.016726659,0.720312122,0.166666667,0.84509804,0,9
جذب سرمایه,توسعه,-1,-1,-1,-1,-1,-1,-1,-1,-1,-1,-1,-1
آسیب‌شناسی,خون‌شناسی,0.535261429,0.605347953,0.941176471,0.121420665,0.956940619,2.450036875,5.843101011,0.586596878,0.25,1.021189299,13,2
دره,فرورفتگی,0.778800783,0.849593624,0.888888889,0.253171986,0.928627901,3.54045042,6.87350505,0.776803542,0.5,1.322219295,15,46
تلسکوپ,صندلی,0.535261429,0.605363996,0.666666667,0.09164788,0.974202061,3.720999941,4.185931696,0.434153433,0.2,0.924279286,9,3
هوی متال,صحنه,0.535261429,0.60538004,0.666666667,0.127486843,0.951912834,2.666831445,6.076096859,0.607726965,0.111111111,0.669006781,8,4
جهانی‌گرایی,روادید,0.367879441,0.43793388,0.333333333,0.056677736,0.911815105,2.152911749,1.17626407,0.117649111,0.090909091,0.581856605,12,0
خفاش,خون‌آشام,0.367879441,0.437949923,0.3,0.064598778,0.947678009,2.449411671,2.257985671,0.22584215,0.076923077,0.509305938,3,1
جانشین,افسر,0.535261429,0.605412129,0.095238095,0.054372492,0.886593381,3.597053458,0,0,0.142857143,0.77815125,10.75,6
الکتریسیته,جعبه,0.472366553,0.542485165,0.307692308,0.063559253,0.982718294,3.267406039,1.356096287,0.147037828,0.1,0.62324929,11,4
خارجی,بیگانه,0.882496903,0.952679694,1,20,1,4,20,1,1,2,16,8
دکمه,چرخ‌خیاطی,0.535261429,0.60544422,0.777777778,0.110090086,0.954960588,3.585060292,5.216548619,0.534576448,0.142857143,0.77815125,12,8
جادوگر,کابل,0.367879441,0.437965966,0.5,0.067714959,0.910111132,2.389077271,2.513842011,0.253981547,0.125,0.720159303,10.75,2
فیلسوف,مسابقه,0.472366553,0.542725875,0.125,0.061959289,0.875830805,2.441623986,0,0,0.1,0.62324929,0,19
ذرت‌ بو داده,سینما,0.367879441,0.437949923,0.266666667,0.058536778,0.911571452,1.650031639,1.356096287,0.137010771,0.1,0.62324929,9.75,1
کشاورزی,گیاه,0.472366553,0.542902458,0.153846154,0.065535755,0.984632156,5.048485258,0,0,0.142857143,0.77815125,14,30
شاعر,روزنامه‌نگار,0.687289279,0.758467706,0.666666667,0.106359273,0.957859057,4.046759058,4.402894239,0.483625044,0.333333333,1.146128036,14,70
آب‌و‌هوا,موج,0.472366553,0.542517254,0.153846154,0.057399938,0.988885403,3.689926043,0,0,0.111111111,0.669006781,13,6
تمدن,سبک زندگی,0.472366553,0.542469121,0.333333333,0.058463751,0.930495759,3.433883533,1.17626407,0.120908195,0.111111111,0.669006781,0,3
برف,یخ,0.472366553,0.542517254,0,0,0.992515119,3.685971602,0,0,0.25,1.021189299,14,6
جنگ جهانی دوم,بتهوون,0.472366553,0.542420992,0.2,0.056677736,0.94629698,1.788091066,1.17626407,0.117649111,0.083333333,0.544068044,12,0
مادربورد,برداصلی,1,1.132373698,1,20,1,4,20,1,1,2,16,162
باشگاه,علامت,0.535261429,0.605508407,0.625,0.08683128,0.984993763,3.563027364,3.378797309,0.34915235,0.166666667,0.84509804,10.75,12
اسکندرکبیر,فاتح,0.535261429,0.60533191,0.875,0.09099445,0.809778405,1.091449897,4.402894239,0.444838572,0.2,0.924279286,0,1
اپ,کهکشان,-1,-1,-1,-1,-1,-1,-1,-1,-1,-1,-1,-1
رایانش ابری,باران,0,0.070054439,0,0,0.943529257,2.52788742,0,0,0.076923077,0.509305938,6.75,0
تلویزیون,بازیگر,0.472366553,0.542485165,0.444444444,0.075865907,0.941634646,3.174864489,2.513842011,0.276112335,0.083333333,0.544068044,11.75,4
دلتا,دریا,0.535261429,0.60533191,0.25,0.06057437,0.950688527,2.370558916,1.17626407,0.124728706,0.142857143,0.77815125,12.75,1
نخ,رشته,0.535261429,0.60616671,0.285714286,0.065602445,0.962672543,3.489373698,1.356096287,0.14455533,0.125,0.720159303,13,53
گذرگاه عابران پیاده,شخص,-1,-1,-1,-1,-1,-1,-1,-1,-1,-1,-1,-1
پروتئین,دستگیره,0.367879441,0.43793388,0.307692308,0.061784323,0.959959853,2.230458884,1.356096287,0.143521023,0.142857143,0.77815125,9.75,0
یوتو,رونالدو,-1,-1,-1,-1,-1,-1,-1,-1,-1,-1,-1,-1
اپل,آیفون,0.687289279,0.757375803,0.714285714,0.075536998,0.960373878,2.05154756,3.378797309,0.337944948,0.142857143,0.77815125,15,2
نعناع فلفلی,آدامس,0.367879441,0.437949923,0.666666667,0.108049528,0.821002279,1.955083314,5.322907637,0.534943274,0.142857143,0.77815125,0,1
پوستر,کاغذ,0.535261429,0.605347953,0.4,0.081386786,0.974462593,2.392659678,3.673114039,0.374173085,0.166666667,0.84509804,12,2
یونیسف,ریشه,0.367879441,0.437965966,0.476190476,0.094837282,0.931832919,2.624527327,4.619094925,0.466986422,0.111111111,0.669006781,10.75,2
بیگانه‌هراسی,نژادپرستی,0.367879441,0.437965966,0.285714286,0.072531145,0.934210445,2.352632995,3.092985145,0.309714292,0.1,0.62324929,9.75,2
وودی آلن,لنز,0.367879441,0.437965966,0.444444444,0.069262495,0.935816757,1.434488281,2.513842011,0.258286758,0.1,0.62324929,10,2
لامپ,جن,0.472366553,0.542437034,0.133333333,0.053587296,0.944412877,2.60606541,0,0,0.125,0.720159303,9,1
نیروی دریایی,جزیره,0.367879441,0.438078279,0.461538462,0.07330045,0.921574229,2.999447434,1.998503479,0.226594272,0.111111111,0.669006781,9.75,9
ديوار,قلعه,0.535261429,0.60544422,0.857142857,0.11500774,0.949144423,2.898551786,5.127974924,0.541182036,0.2,0.924279286,0,8
دایناسور,فیل,0.535261429,0.605412129,0.916666667,0.139610992,0.950332875,2.679569506,6.416690295,0.641792883,0.2,0.924279286,14,6
برج‌ساعت,سنگ,0.472366553,0.542453077,0.533333333,0.075130191,0.962490751,2.567831388,2.513842011,0.274168833,0.125,0.720159303,0,2
خاورمیانه,فرات,0.472366553,0.542420992,0.125,0.050009651,0.976016033,3.417855917,0,0,0.142857143,0.77815125,14,0
علف‌زار,چمن‌زار,0.778800783,0.849047762,0.823529412,0.105401276,0.9380296,2.700860029,5.169756458,0.521484819,0.5,1.322219295,15,12
گیتار,ویولن,0.535261429,0.605508407,0.9,0.378850862,0.919146173,2.542853576,8.557708613,0.866385016,0.2,0.924279286,13,12
دیپلماسی,مذاکره,0.472366553,0.542420992,0.476190476,0.074534562,0.983901413,1.857677441,3.246267218,0.326108411,0.111111111,0.669006781,15,0
گرانش,شهاب,0.472366553,0.542453077,0.307692308,0.057857152,0.961695606,3.459639469,1.356096287,0.135635804,0.090909091,0.581856605,12.75,2
آی‌کیو,منسا,0.367879441,0.437965966,0.125,0.050009651,0.956303246,1.794153179,0,0,0.076923077,0.509305938,9,2
پرچم انگلستان,پرچم,-1,-1,-1,-1,-1,-1,-1,-1,-1,-1,-1,-1
زمین‌لرزه,زلزله,1,1.132373698,1,20,1,4,20,1,1,2,16,394
دارایی,موجودی کالا,0.472366553,0.542469121,0.8,0.911681187,0.958005401,2.465563842,9.2623634,0.943050365,0.2,0.924279286,12.75,3
عبری,بیت‌المقدس,0.687289279,0.757375803,0.08,0.050009651,0.990577722,2.721664816,0,0,0.058823529,0.392800369,15,2
ابری,پيش‌‌بینی,0.367879441,0.437949923,0.142857143,0.05135344,0.914794985,3.171958045,0,0,0.1,0.62324929,8.75,1
واژه‌نامه,دایرةالمعارف,0.687289279,0.757680703,1,0.923919552,0.968550084,3.635917719,9.177089643,0.944313845,0.333333333,1.146128036,14,21
ضرابخانه,موزه,0.535261429,0.605347953,0.3,0.065583587,0.839522468,2.351326769,1.998503479,0.207693646,0.142857143,0.77815125,0,2
صندلی,چهارپایه,0.778800783,0.849352744,0.947368421,0.928542962,0.981387329,2.929834423,9.150772335,0.944425211,0.5,1.322219295,15,31
اسپانیایی,رطوبت,0.472366553,0.542420992,0.210526316,0.057496716,0.878471536,2.452348512,1.17626407,0.119146563,0.076923077,0.509305938,8,0
قوطی,بطری,0.687289279,0.757985756,0.933333333,0.137777837,0.97479578,3.387780055,5.910894122,0.619595461,0.333333333,1.146128036,13,40
مگس,مورچه,0.535261429,0.605347953,0.916666667,0.402220225,0.946010185,2.412804449,8.519968285,0.872673216,0.2,0.924279286,9,2
اسطوره,طنز,0.535261429,0.605315868,0.75,0.085849041,0.962039412,2.887069733,3.946765648,0.403928856,0.166666667,0.84509804,9.75,0
مرکز شهر,اتوبوس,0.472366553,0.542453077,0.4,0.063297298,0.913917893,2.47974391,1.998503479,0.201915237,0.090909091,0.581856605,11,2
دم,بوئینگ ۷۴۷-۲۰۰,-1,-1,-1,-1,-1,-1,-1,-1,-1,-1,-1,-1
اثر هنری,هنرمند,0.687289279,0.757456025,0.25,0.078047956,0.948998057,3.373169738,1.17626407,0.15512712,0.125,0.720159303,15,7
ناتو,اتحاد,0.778800783,0.848919395,0.923076923,0.117969185,0.929513971,2.139370843,5.260410826,0.553797072,0.5,1.322219295,15,4
پادشاه,فرمانروا,1,1.132373698,1,20,1,5,20,1,1,2,16,5120
نواخت,آهنگ,0.535261429,0.605347953,0.666666667,0.267637372,0.985766916,2.42791426,8.111000546,0.812790657,0.25,1.021189299,13,2
الکساندرفلمینگ,پنی‌سیلین,0.687289279,0.757343718,0.375,0.076978685,0.954190173,1.351160048,3.377108494,0.342075286,0.125,0.720159303,15,0
فلوت,موسیقی,0.472366553,0.54256539,0.117647059,0.055251609,0.990289805,3.728762056,0,0,0.076923077,0.509305938,12,9
حواصیل خاکستری,دریاچه,0.367879441,0.437949923,0.19047619,0.060303664,0.949023939,2.558690186,1.17626407,0.124240549,0.066666667,0.447158031,8.75,1
گرانروی,شتک,0.367879441,0.43793388,0.19047619,0.056677736,0.882008483,1.736759718,1.17626407,0.117649111,0.1,0.62324929,6,0
سخت‌افزار,جعبه رایانه,0.687289279,0.757375803,0.307692308,0.061991406,0.960546783,2.629851805,1.356096287,0.143932826,0.125,0.720159303,9,2
انگشتر,عقد,0.472366553,0.542517254,0.125,0.051888154,0.98127078,3.538764952,0,0,0.1,0.62324929,14,6
لاتین,آلمانی,0.535261429,0.60533191,-1,-1,-1,-1,-1,-1,-1,-1,-1,1
طبقه کارگر,کارخانه,0.367879441,0.43793388,0.153846154,0.051139627,0.972684772,2.542109967,0,0,0.090909091,0.581856605,10.75,0
شکسپیر,دیکنز,0.535261429,0.60538004,0.9,0.168912922,0.883751785,2.310878955,7.037965099,0.703932355,0.2,0.924279286,14,4
اسکناس,کشیش,0.367879441,0.43793388,0.125,0.051979227,0.932218615,2.922319734,0,0,0.083333333,0.544068044,12,0
ابزار,شغل,0.472366553,0.544815526,0.166666667,0.074519409,0.984871954,3.631324293,0,0,0.2,0.924279286,14,149
گراز کوتوله,گراز,0.778800783,0.85107274,0.965517241,1.059417302,0.87779248,1.696969005,9.499079029,0.952667152,0.5,1.322219295,15,138
رای,خروج,0.535261429,0.605347953,0.857142857,0.107702556,0.973152823,3.225397305,5.094030747,0.523192003,0.2,0.924279286,13,2
ستاره,روشنایی,0.472366553,0.542501209,0.8,0.099376578,0.976453635,3.522489883,4.417397418,0.467510607,0.2,0.924279286,14,5
قزل‌آلا,گیتار,0.367879441,0.43793388,0.090909091,0.050620152,0.879935081,2.064274424,0,0,0.058823529,0.392800369,7.75,0
دلار,میلیونر,0.472366553,0.54256539,-1,-1,-1,-1,-1,-1,-1,-1,-1,9
رقم,عدد,0.882496903,1.002052437,1,20,1,6,20,1,1,2,16,3491
طوفان,پتو,0.367879441,0.437949923,0.285714286,0.060433457,0.941668748,2.22734234,1.356096287,0.140824953,0.090909091,0.581856605,0,1
اوباما,کلینتون,0.687289279,0.758290953,0.833333333,0.220135092,0.989002439,2.941969022,7.726737646,0.772822904,0.333333333,1.146128036,14,59
نقش مکمل,فیلم,0.535261429,0.605347953,0.631578947,0.08783665,0.954519565,2.475115809,3.946765648,0.409451614,0.142857143,0.77815125,14,2
یوونتوس,بایرن‌مونیخ,0.778800783,0.849577562,1,0.545678334,0.92909639,2.340505561,9.081779463,0.908353241,0.333333333,1.146128036,14,45
تغییر اقلیم,بارش,0.472366553,0.542533299,0,0,0.974024718,2.763289287,0,0,0.125,0.720159303,11,7
هوش مصنوعی,باتری,0.367879441,0.43793388,0.111111111,0.051139627,0.972579454,3.542771819,0,0,0.083333333,0.544068044,9.75,0
شاهکار,مونالیزا,0.367879441,0.43793388,0.32,0.069543606,0.82081986,1.45489482,2.808336579,0.280887864,0.090909091,0.581856605,9.75,0
جرم,حمله,0.778800783,0.849304578,0.941176471,0.540025959,0.989271318,3.331490799,7.918628653,0.895315692,0.5,1.322219295,15,28
تاج‌گذاری,آب,0.472366553,0.542437034,0.333333333,0.071464538,0.903322011,2.134815623,1.17626407,0.143925283,0.125,0.720159303,9.75,1
سراینده,کارمند,0.535261429,0.605396085,0.111111111,0.062324292,0.77520523,4.115792731,0,0,0.166666667,0.84509804,11.75,5
بازی حذفی,بسکتبال,0.535261429,0.605347953,0.888888889,0.170967275,0.971981849,2.65151767,6.918456437,0.702881393,0.2,0.924279286,0,2
نیروهای مسلح,دفاع,0.535261429,0.605363996,0.823529412,0.096590034,0.968356056,3.829552641,4.402894239,0.459620525,0.2,0.924279286,12.75,3
دریاچه,ابر,0.535261429,0.605733116,0.142857143,0.055174428,0.919564667,3.549253111,0,0,0.090909091,0.581856605,9.75,26
صومعه,دوش,0.535261429,0.605347953,0.588235294,0.075536998,0.945605987,2.401728608,3.378797309,0.337944948,0.142857143,0.77815125,9,2
زبان مادری,زبان,0.778800783,0.84951332,0.923076923,0.286783558,0.980800179,2.467483762,8.076257598,0.822451876,0.5,1.322219295,15,41
بندرگاه,لفاف,0.535261429,0.605315868,0.833333333,0.079173076,0.825670237,2.969581275,3.378797309,0.3485425,0.2,0.924279286,0,0
اهریمن,فرشته,0.535261429,0.60533191,0.133333333,0.052123484,0.938646576,2.359087505,0,0,0.1,0.62324929,9,1
نوشته رمزی,نماد,0.535261429,0.605315868,0.4,0.168897967,0.939256484,0.884373935,4.323030189,0.593545836,0.125,0.720159303,9,0
پردیس دانشگاهی,دانشگاه,0.687289279,0.75735976,0.666666667,0.141796846,0.964321913,2.809264316,5.127974924,0.592545429,0.142857143,0.77815125,15,1
رهایی,آزادی,0.882496903,0.953064919,1,20,1,4,20,1,1,2,16,32
گردباد,طوفان موسمی,0.535261429,0.605363996,0.823529412,0.212338022,0.899733678,2.079815025,7.525139736,0.761663394,0.166666667,0.84509804,0,3
راهنما,کتاب راهنما,0.472366553,0.542469121,0.111111111,0.05892176,0.947785766,1.601622743,0,0,0.1,0.62324929,13,3
ابولا,ویروس ابولا,0.687289279,0.757391847,0.117647059,0.050009651,0.998618712,2.732202226,0,0,0.090909091,0.581856605,15,3
شاهزاده,بیسکویت,0.367879441,0.43793388,0.444444444,0.081320084,0.786220935,1.921244242,3.777977166,0.380594332,0.090909091,0.581856605,8.75,0
قطار,تراموا,0.687289279,0.757391847,0.933333333,0.138544653,0.956799334,2.489747397,6.277553656,0.634962288,0.25,1.021189299,14,3
اکوسیستم,اقتصاد,0.535261429,0.60533191,0.181818182,0.052724482,0.981233063,2.640477364,0,0,0.1,0.62324929,12,1
ملکه سلطنتی,وزیر شطرنج,0.367879441,0.43793388,0.380952381,0.067370494,0.908278461,1.528998039,2.513842011,0.253016445,0.066666667,0.447158031,0,0
طلا,روی,0.535261429,0.60538004,0.933333333,0.226461096,0.97767243,3.402801236,7.706658403,0.777308473,0.25,1.021189299,10,4
مکان‌نما,چیپس,0.367879441,0.437998053,0.285714286,0.057857152,0.918222065,1.56891307,1.356096287,0.135635804,0.111111111,0.669006781,9.75,4
آمازون,جنگل,0.778800783,0.848999621,0.888888889,0.177468916,0.955162792,2.555549375,6.665865685,0.702908635,0.5,1.322219295,15,9
تنیس,آمار,0.472366553,0.542420992,0.352941176,0.066929151,0.977107738,3.349777991,2.257985671,0.232098368,0.090909091,0.581856605,7.75,0
بولتسانو,قضیه,0.472366553,0.542420992,0.166666667,0.078085916,0.941108688,1.580652843,0,0,0.111111111,0.669006781,14,0
ارتفاع,تبدیل,0.535261429,0.605363996,0.461538462,0.063151924,0.967564427,2.94182403,1.998503479,0.201544965,0.142857143,0.77815125,9.75,3
قایق,درخت,0.367879441,0.438672282,0.5,0.085464312,0.950515305,3.473935364,2.513842011,0.300546476,0.090909091,0.581856605,11,46
تخت‌ پادشاهی,شمشیر,0.535261429,0.605315868,0.133333333,0.050430967,0.8473032,2.189863164,0,0,0.090909091,0.581856605,7.75,0
پنبه,ژاکت,0.472366553,0.542453077,0.444444444,0.066807156,0.955899533,2.528833016,2.513842011,0.251432723,0.090909091,0.581856605,13,2
گیلاس,توت‌فرنگی,0.687289279,0.75819456,1,0.320976629,0.98890339,4.245183368,8.397764766,0.843529289,0.333333333,1.146128036,14,53
اسلام,قرآن,0.687289279,0.757423935,0.5,0.109091318,0.970257208,2.501579086,5.374732705,0.539737532,0.111111111,0.669006781,15,5
نئاندرتال,ورزش,0.367879441,0.437949923,0.6,0.110827942,0.924831568,2.503412496,3.946765648,0.46661655,0.125,0.720159303,9.75,1
خویشاوندسالاری,پادشاه,0.367879441,0.43793388,0.142857143,0.055449333,0.779128388,2.513328304,0,0,0.111111111,0.669006781,0,0
شخصیت,آدم,0.778800783,0.850574047,0.941176471,0.229349983,0.97397426,4.60417537,6.681866026,0.753995828,0.5,1.322219295,15,107
تانک,خودرو,0.535261429,0.605428175,0.9,0.301745256,0.947913675,3.754224112,6.939363122,0.807241542,0.2,0.924279286,13,7
عطارد,مشتری,0.687289279,0.76147743,0.875,0.56350524,0.988470843,2.878519769,9.110767,0.911252554,0.333333333,1.146128036,14,257
برونشیت,استامینوفن,0.367879441,0.437949923,0.125,0.050171582,0.871108715,1.685884139,0,0,0.083333333,0.544068044,0,1
خون,بدن,0.535261429,0.60533191,0.333333333,0.060839648,0.982095188,5.501822705,1.356096287,0.141637416,0.125,0.720159303,12.75,1
اسلام‌هراسی,داعش,0.472366553,0.542437034,0.285714286,0.056677736,0.937153784,2.512893293,1.17626407,0.117649111,0.083333333,0.544068044,12.75,1
قلاب‌دوزی,لباس فرم,0.472366553,0.542437034,0.105263158,0.050574023,0.955025533,1.934342888,0,0,0.1,0.62324929,8.75,1
هدوپ,صفحه لمسی,-1,-1,-1,-1,-1,-1,-1,-1,-1,-1,-1,-1
سوخت فسیلی,سنگواره,0.472366553,0.542437034,0.363636364,0.060126424,0.965689751,3.201989423,1.356096287,0.140209806,0.111111111,0.669006781,12.75,1
جهش‌یافته,زیست‌جامعه‌شناسی,0.472366553,0.542437034,0.117647059,0.050009651,0.913007293,2.34835632,0,0,0.125,0.720159303,12.75,1
خواهر,برادر,0.687289279,0.758419496,0.933333333,0.096947293,0.927101376,4.262667868,4.402894239,0.460537613,0.333333333,1.146128036,14,67
مداد,داستان,0.367879441,0.437949923,0.142857143,0.055813853,0.956350696,3.275937196,0,0,0.090909091,0.581856605,10,1
اگزما,درماتیت,1,1.132373698,1,20,1,4,20,1,1,2,16,81
امپراطور,فرماندار,0.535261429,0.605363996,0.777777778,0.093280551,0.965525642,2.261928954,4.402894239,0.450974434,0.166666667,0.84509804,11,3
تاج‌,کلید,0.535261429,0.605396085,0.666666667,0.081853862,0.983944521,4.061403687,3.378797309,0.356141057,0.125,0.720159303,11,5
جبر,عمل,0.535261429,0.60538004,0.8,0.142228279,0.973332912,3.260677744,3.946765648,0.480093291,0.333333333,1.146128036,14,4
پیستون,موتور,0.535261429,0.60538004,0,0,0.968329503,2.60203549,0,0,0.142857143,0.77815125,12.75,4
بورس تحصیلی,شهریه,0.535261429,0.605315868,0.230769231,0.072869521,0.954202249,2.4492621,3.092985145,0.310710242,0.111111111,0.669006781,11.75,0
کتاب,کتاب خطی,0.778800783,0.849882794,0.947368421,0.424675212,0.966087802,3.397051376,7.776454165,0.868506431,0.5,1.322219295,15,64
شاه‌پسند,میمونی,0.535261429,0.605396085,0.777777778,0.113151852,0.834873042,1.787730506,5.579229587,0.558030648,0.142857143,0.77815125,11.75,5
سیاهچاله,خلاء,0.687289279,0.757456025,0.769230769,0.10444436,0.941487231,2.04991738,5.113754268,0.516489072,0.333333333,1.146128036,10.75,7
امپراتوری ایران,کورش,-1,-1,-1,-1,-1,-1,-1,-1,-1,-1,-1,-1
سرمقاله,اخبار,0.535261429,0.605347953,0.666666667,0.116088903,0.90277874,2.547074101,5.304431361,0.551885244,0.142857143,0.77815125,12,2
دکوراسیون,پاکت نامه,0.535261429,0.60533191,0.833333333,0.086026856,0.939829575,2.428928652,4.185931696,0.418673965,0.2,0.924279286,6.75,1
کوسه نهنگ,شاه‌میگو,0.535261429,0.60533191,0.181818182,0.056677736,0.803230938,2.137866986,1.17626407,0.117649111,0.076923077,0.509305938,0,1
ذرت,جواری,-1,-1,-1,-1,-1,-1,-1,-1,-1,-1,-1,-1
اختلال دوقطبی,مشکل,0.535261429,0.605636802,0.666666667,0.118490403,0.989299849,3.591663033,4.417397418,0.511441647,0.2,0.924279286,12,20
اسید,باز,0.687289279,0.758580208,1,0.202135844,0.983549655,5.671652593,6.613679932,0.727796612,0.333333333,1.146128036,15,77
صفر مطلق,بخار,0.367879441,0.437998053,0.222222222,0.057779622,0.861680545,2.299240046,1.17626407,0.119662658,0.1,0.62324929,11.75,4
انقلاب سبز,رنگ,0.367879441,0.437965966,0.363636364,0.06857139,0.941053412,2.535229832,1.17626407,0.138908022,0.1,0.62324929,8.75,2
سیستم‌عامل,یادگیری عمیق,0.367879441,0.437949923,0.210526316,0.05813352,0.938776486,2.570174768,1.17626407,0.120307412,0.083333333,0.544068044,13,1
المپیاد جهانی ریاضی,نظریه,0.472366553,0.542420992,0.333333333,0.06981096,0.919586148,2.113376631,2.257985671,0.239696536,0.083333333,0.544068044,5.75,0
ال‌نینو,خط‌استوا,0.367879441,0.437965966,0.142857143,0.050009651,0.92255329,2.67845902,0,0,0.090909091,0.581856605,11.75,2
نشان,شیشه,0.535261429,0.605652853,0.769230769,0.081986756,0.989744007,4.413953689,3.378797309,0.35651313,0.166666667,0.84509804,12.75,21
عمارت,مجسمه ساز,0.472366553,0.542709825,0.533333333,0.085663289,0.944575097,2.821004051,2.513842011,0.30103556,0.125,0.720159303,11.75,18
جو,ازن,0.472366553,0.542453077,0.307692308,0.058781987,0.989717221,2.752149632,1.356096287,0.137505788,0.1,0.62324929,14,2
محافظ,سپر,0.778800783,0.849224312,0.923076923,0.186783381,0.977459965,3.108569409,6.072801963,0.694058335,0.5,1.322219295,15,23
سکه,پرداخت,0.472366553,0.542453077,0.307692308,0.094964101,0.973912348,3.401977257,4.090666836,0.437232578,0.125,0.720159303,12.75,2
جو,مزرعه,0.535261429,0.605396085,0.526315789,0.126320588,0.985217499,4.507408244,5.88066036,0.597698343,0.142857143,0.77815125,11.75,5
راهب,سلیب,-1,-1,-1,-1,-1,-1,-1,-1,-1,-1,-1,-1
ناوچه توپدار,ساحل,0.472366553,0.542420992,0.428571429,0.062503385,0.855703765,1.831152127,1.998503479,0.199888923,0.090909091,0.581856605,0,0
سنگ,معدن,0.535261429,0.605508407,0.666666667,0.078794823,0.973703412,3.566557968,2.513842011,0.283747391,0.166666667,0.84509804,11.75,12
افسانه,پند,0.535261429,0.605347953,0.533333333,0.10894362,0.971708428,2.947545641,5.304431361,0.536128173,0.2,0.924279286,0,2
قهرمان,برنده,0.687289279,0.757423935,1,0.203143203,0.985221144,2.74048303,7.416171279,0.75081543,0.333333333,1.146128036,14,5
تاس,مکعب,0.778800783,0.849208259,0.923076923,0.588564173,0.990780029,2.793732924,9.081779463,0.914459874,0.5,1.322219295,15,22
مکان‌شناسی,ساختار,0.535261429,0.60533191,0.533333333,0.0836988,0.971394974,2.491863804,3.856032789,0.392278523,0.111111111,0.669006781,11,1
نمازخانه,سیم,0.535261429,0.605315868,0.625,0.080055518,0.859977782,2.969184537,3.378797309,0.351063463,0.111111111,0.669006781,10,0
جریان نقدی,رودخانه,0,0.070054439,0.296296296,0.113390584,0.829190434,1.749087023,4.090666836,0.481243369,0.071428571,0.477121255,10,0
قاتل زنجیره‌ای,قاتل,0.778800783,0.848887308,0.941176471,0.932823519,0.726580614,1.829375062,9.250855793,0.945231983,0.5,1.322219295,15,2
ماتریس,ملکول,-1,-1,-1,-1,-1,-1,-1,-1,-1,-1,-1,-1
مد,سبک,0.778800783,0.849706064,0.923076923,0.209659064,0.976417136,3.641114416,7.155100676,0.750016463,0.5,1.322219295,15,53
پرچم‌شناسی,پرچم,-1,-1,-1,-1,-1,-1,-1,-1,-1,-1,-1,-1
پیمان ماستریخت,اروپا,0.472366553,0.542420992,0.142857143,0.050009651,0.967817596,2.522972333,0,0,0.083333333,0.544068044,14,0
آب‌فشان,چشمه,0.535261429,0.605363996,0.8,0.173036526,0.987204467,2.492720931,6.87350505,0.704031231,0.333333333,1.146128036,14,3
ساکارز,کربوهیدرات,0.535261429,0.60533191,0.9,0.223987755,0.971000363,2.658327405,7.419231725,0.768713085,0.333333333,1.146128036,14,1
کنار دریا,ساحل,0.472366553,0.542420992,0.166666667,0.050009651,0.851790983,1.201163511,0,0,0.083333333,0.544068044,9.75,0
بازار بورس,بورس اوراق بهادار,1,1.132373698,1,20,1,4,20,1,1,2,16,196
سنت,صنایع دستی,0.535261429,0.605588651,0.588235294,0.097388045,0.948079978,3.083515787,3.246267218,0.387365729,0.166666667,0.84509804,11.75,17
رمان,نویسنده,0.472366553,0.542998797,0.153846154,0.060864645,0.951437297,4.628904022,0,0,0.111111111,0.669006781,11.75,36
ساندویچ,ساب‌وی,0.367879441,0.43793388,0.25,0.059324283,0.96064428,2.494260129,1.356096287,0.138598531,0.090909091,0.581856605,9.75,0
صوت‌شناسی,صدا,0.472366553,0.542469121,0.4,0.078249993,0.960787534,3.164303878,2.257985671,0.261106344,0.111111111,0.669006781,14,3
شمشیربازی,ژیمناستیک,0.535261429,0.60533191,0.75,0.104864175,0.901936919,1.226764172,5.094030747,0.516525793,0.166666667,0.84509804,11.75,1
نویسنده,هدیه,0.472366553,0.542790081,0.363636364,0.09868541,0.921216501,3.387251876,2.513842011,0.331621865,0.142857143,0.77815125,11,23
بیشه‌زار,تایگر وودز,0.367879441,0.43793388,0.428571429,0.066802436,0.927552817,1.484995677,1.998503479,0.210740123,0.111111111,0.669006781,0,0
ابر,پنجره,0.367879441,0.437982009,0.285714286,0.061784323,0.984386531,4.134335288,1.356096287,0.143521023,0.090909091,0.581856605,9,3
جی‌پگ,پی‌دی‌اف,0.778800783,0.849160106,1,0.272839167,0.972626832,2.885953154,8.165488731,0.816706482,0.333333333,1.146128036,14,19
مدیر,رئيس,0.882496903,0.95353071,1,20,0.974516887,3.171617073,20,1,1,2,16,61
مالیات,برگزیت,0,0.070102568,0.2,0.057617194,0.862527404,2.352678972,1.17626407,0.119366421,0.1,0.62324929,9,3
گرده‌افشانی,پرچم,0.367879441,0.437982009,0.095238095,0.050614335,0.934723885,3.205269061,0,0,0.1,0.62324929,0,3
بازی ویدئویی,بازی کامپيوتری,1,1.132373698,1,20,1,5,20,1,1,2,16,729
درمان,عمل جراحی,0.535261429,0.607195532,0.8,0.118431664,0.991776652,3.759803013,3.946765648,0.483162479,0.166666667,0.84509804,12.75,117
برنج,سیب‌زمینی,0.535261429,0.605476313,0.736842105,0.113151852,0.989959802,4.499621437,5.579229587,0.558030648,0.142857143,0.77815125,14,10
یادداشت‌برداری,تکلیف,0.535261429,0.605315868,0.5,0.095070689,0.890839429,1.597457778,3.946765648,0.428716196,0.2,0.924279286,0,0
روباه,سلول خون,-1,-1,-1,-1,-1,-1,-1,-1,-1,-1,-1,-1
سدیم کلرید,نمک,0.535261429,0.605396085,0.941176471,0.176908305,0.949076795,3.339217236,6.613679932,0.700601474,0.25,1.021189299,14,5
درآمد,کیفیت زندگی,0.367879441,0.43793388,0.285714286,0.07440242,0.954507866,2.272587312,3.092985145,0.315186299,0.083333333,0.544068044,8.75,0
خواست,قصد,0.778800783,0.849931001,0.923076923,0.513898342,0.968682208,3.161733918,8.611775834,0.898489057,0.5,1.322219295,15,67
قطب‌نما,فیل,0.535261429,0.60533191,0.666666667,0.088209908,0.871479141,2.909930048,4.185931696,0.424785301,0.111111111,0.669006781,9,1
دنباله,دوربین,0.472366553,0.542420992,0.307692308,0.059114851,0.916693188,3.132100076,1.356096287,0.138176847,0.111111111,0.669006781,7.75,0
فیلم سینمایی,فیلم,1,1.132373698,1,20,1,8,20,1,1,2,16,678
گروهبان,تفنگ,0.367879441,0.43793388,0.1,0.050896196,0.773607086,1.886981479,0,0,0.083333333,0.544068044,0,0
کارخانه,دانه,0.472366553,0.542453077,0.533333333,0.072789918,0.96228634,4.226304085,2.513842011,0.267916665,0.111111111,0.669006781,10,2
بستنی,صبحانه,0.535261429,0.605363996,0.875,0.13347285,0.968462285,2.550474653,5.953071507,0.613772389,0.2,0.924279286,11.75,3
کلید,قفل,0.687289279,0.757375803,0.875,0.106952444,0.990226232,3.990150636,5.216548619,0.527375644,0.2,0.924279286,15,2
تلفن همراه,تلفن,0.778800783,0.850139933,0.941176471,0.401536512,0.99257518,4.594844952,8.466593824,0.871783252,0.5,1.322219295,15,80
کودکستان,پيش‌دبستان,0.687289279,0.757793074,1,0.43881425,0.918557572,2.57003858,8.858635912,0.886034579,0.333333333,1.146128036,14,28
جهان غرب,وسترن یونیون,-1,-1,-1,-1,-1,-1,-1,-1,-1,-1,-1,-1
جوانه,برگ,0.687289279,0.757793074,1,0.172518141,0.951230543,3.47465658,6.820016365,0.701773234,0.333333333,1.146128036,14,28
باران,تگرگ,0.687289279,0.758226689,0,0,0.952141615,2.843408606,0,0,0.333333333,1.146128036,14,55
خوشحالی,ناراحتی,0.687289279,0.758355222,1,0.176662432,0.980423655,3.320771018,6.709668308,0.703325071,0.333333333,1.146128036,14,63
کرم ابریشم,کرم پیله ساز,1,1.132373698,1,20,1,4,20,1,1,2,16,174
موج‌سواری,ورزش آبی,0.778800783,0.849320633,0.941176471,0.184232343,0.996515274,3.595090228,6.918456437,0.718246912,0.5,1.322219295,9.75,29
ماشین,کامیون,0.687289279,0.758596281,1,0.351723414,0.9772036,3.754494057,7.063246675,0.832457041,0.333333333,1.146128036,14,78
غذا,برنامه,0.472366553,0.542790081,0.363636364,0.092548661,0.970418684,4.934917535,1.17626407,0.178795399,0.125,0.720159303,12,23
داستان مصور,کتاب کامیک,0.778800783,0.848967529,0.266666667,0.056677736,0.973093216,2.394256194,1.17626407,0.117649111,0.090909091,0.581856605,15,7
مار,مارمولک,0.687289279,0.75837129,1,0.984131171,0.974100246,3.742978678,9.235930143,0.947858914,0.333333333,1.146128036,14,64
سیب,گوشی هوشمند,0.472366553,0.542420992,0.421052632,0.067358873,0.849823108,1.769672132,2.513842011,0.252983842,0.083333333,0.544068044,8.75,0
والپیپر,دیواربرگ,1,1.132373698,1,20,1,3,20,1,1,2,16,77
سلسیوس,مایکروسافت,0.472366553,0.542420992,0.285714286,0.056677736,0.852599675,1.38428104,1.17626407,0.117649111,0.111111111,0.669006781,7,0
کمباین,نیشکر,0.367879441,0.43793388,0.380952381,0.066807156,0.901388867,1.989121368,2.513842011,0.251432723,0.083333333,0.544068044,9,0
شلوار جین,زن,0.472366553,0.542437034,0.571428571,0.071939259,0.952590992,2.395521924,2.513842011,0.265617308,0.111111111,0.669006781,0,1
ماتریس,بردار,0.367879441,0.43793388,0.461538462,0.072410404,0.952329345,1.674363064,3.092985145,0.309358215,0.111111111,0.669006781,0,0
دی‌اکسید کربن,گازکربنیک,1,1.132373698,1,20,1,4,20,1,1,2,16,211
مربی,بازیکن,0.535261429,0.60544422,0.875,0.107697533,0.970034756,4.04473886,4.402894239,0.486748276,0.2,0.924279286,14,8
سنگ,چوب,0.687289279,0.757825184,0.923076923,0.164116018,0.991667619,6.684824244,5.751362264,0.653713395,0.25,1.021189299,14,30
شارژر,دیسک,0.687289279,0.757488116,1,0.108750993,0.966318908,2.355074024,5.216548619,0.53153028,0.333333333,1.146128036,14,9
نسخه خطی,مقاله,0.535261429,0.605347953,0.25,0.057907505,0.973250021,2.680908401,1.17626407,0.119895752,0.125,0.720159303,13,2
جیمیل,یاهو,0.367879441,0.437949923,0.19047619,0.056677736,0.845014136,1.425040302,1.17626407,0.117649111,0.076923077,0.509305938,13,1
خازن,دیود,0.535261429,0.605476313,0.266666667,0.058177967,0.928856892,2.556262029,1.356096287,0.136285398,0.125,0.720159303,14,10
فساد,کلاه‌برداری,0.535261429,0.60533191,0.947368421,0.276836115,0.953820323,2.85872564,8.039256641,0.816551231,0.25,1.021189299,12.75,1
کوکاکولا,کوکا,1,1.132373698,1,20,1,3,20,1,1,2,16,89
افلاطون,ارسطو,0.778800783,0.850268535,1,0.208516196,0.986861921,2.880571719,7.600174922,0.760164189,0.333333333,1.146128036,14,88
جنگ سرد,شوروی,0.687289279,0.757375803,0.222222222,0.056677736,0.985318142,1.97760914,1.17626407,0.117649111,0.1,0.62324929,15,2
سرشلنگ,مایع,0.472366553,0.542437034,0.307692308,0.063322027,0.958136601,2.449920157,1.356096287,0.146569467,0.1,0.62324929,12.75,1
صداشناسی,صفحه نمایش,0.367879441,0.437949923,0.111111111,0.051491248,0.957176598,3.189971951,0,0,0.076923077,0.509305938,8,1
زارا,ساق‌پوش,0.472366553,0.542437034,0.142857143,0.050009651,0.92569818,1.433198837,0,0,0.083333333,0.544068044,14,1
فوتبال آمریکایی,فوتبال,0.778800783,0.850252459,0.956521739,0.723701009,0.934163093,2.686805539,9.115681015,0.92954797,0.5,1.322219295,15,87
بیمارگر,پاتوژن,-1,-1,-1,-1,-1,-1,-1,-1,-1,-1,-1,-1
جمهوری,دوک,0.472366553,0.542437034,0.285714286,0.065077284,0.840695233,2.320470149,1.17626407,0.132769625,0.111111111,0.669006781,12,1
توپ,کره,0.535261429,0.60544422,0.714285714,0.081172166,0.97697118,3.527663307,3.378797309,0.354225679,0.166666667,0.84509804,8.75,8
موتزارت,جنگ ستارگان,0.472366553,0.542437034,0.210526316,0.056677736,0.932506275,1.36896258,1.17626407,0.117649111,0.076923077,0.509305938,10.75,1
نقاب,مهمانی,0.472366553,0.542453077,0.875,0.192831195,0.936537686,2.901766508,7.099793258,0.73248608,0.333333333,1.146128036,14,2
اتومبیل‌دزدی بزرگ,جی‌تی‌ای,-1,-1,-1,-1,-1,-1,-1,-1,-1,-1,-1,-1
بزرگراه,جاده,0.535261429,0.606552358,0.857142857,0.413638899,0.940067005,4.486718876,6.977645309,0.852342971,0.333333333,1.146128036,14,77
واکنش زنجیره‌ای,ترمودینامیک,0.472366553,0.542469121,0.315789474,0.065248519,0.97269691,1.807855464,2.257985671,0.227596698,0.1,0.62324929,10.75,3
تصویرسازی,تاول,0.367879441,0.43793388,0.153846154,0.052166305,0.955347059,3.474741702,0,0,0.083333333,0.544068044,8.75,0
انسان‌شناسی,باستان‌شناسی,0.778800783,0.850220307,0.96,0.721948634,0.964335399,5.311086191,9.04898964,0.92890563,0.5,1.322219295,15,85
دل,دینگل,-1,-1,-1,-1,-1,-1,-1,-1,-1,-1,-1,-1
آبمیوه,قاشق,0.367879441,0.437949923,0.307692308,0.061522074,0.952369369,3.338343666,1.356096287,0.142998949,0.111111111,0.669006781,11,1
فایزر,دارو,0.367879441,0.437949923,0.166666667,0.05826512,0.970627561,1.794856009,0,0,0.1,0.62324929,10,1
کامیون,بسته,0.535261429,0.605347953,0.823529412,0.127658071,0.960636897,3.11598198,5.910894122,0.601458135,0.166666667,0.84509804,10,2
گیرنده,ملکول پروتئین,-1,-1,-1,-1,-1,-1,-1,-1,-1,-1,-1,-1
گوگل‌درایو,راننده,-1,-1,-1,-1,-1,-1,-1,-1,-1,-1,-1,-1
میلیاردر,بی‌خانمان,0.367879441,0.437949923,-1,-1,-1,-1,-1,-1,-1,-1,-1,1
بخش,فصل,0.882496903,0.96101665,1,20,1,6,20,1,1,2,16,526
بینهایت,صفر,0.535261429,0.60533191,0.571428571,0.058630994,0.879411715,2.166406607,1.17626407,0.121212143,0.166666667,0.84509804,7,1
خدمتکار,غلام,1,1.132373698,1,20,1,6,20,1,1,2,16,212
پسوند,وند,0.778800783,0.849352744,0.933333333,0.590336007,0.968328376,2.362528508,8.360461406,0.908011828,0.5,1.322219295,15,31
گرمایش جهانی,گرما,0.472366553,0.542437034,0.285714286,0.064598778,0.975775155,2.485940094,2.257985671,0.22584215,0.125,0.720159303,14,1
هورمون رشد,سوماتوتروپین,-1,-1,-1,-1,-1,-1,-1,-1,-1,-1,-1,-1
آسمان,خواب,0.535261429,0.60533191,0.666666667,0.074063822,0.97464947,3.181913187,3.092985145,0.314202604,0.166666667,0.84509804,11,1
قیمت پیشنهادی خرید,لندن,-1,-1,-1,-1,-1,-1,-1,-1,-1,-1,-1,-1
کود,رشد,0.367879441,0.437982009,0.4,0.062002104,0.957651355,3.518987995,1.356096287,0.142998949,0.111111111,0.669006781,11,3
برچسب,موضوع,0.535261429,0.605347953,0.75,0.094274015,0.96618492,3.345763138,4.568724566,0.462776889,0.2,0.924279286,11,2
شکارچی,صورت فلکی,0.778800783,0.84954544,0.909090909,0.141470062,0.970390549,3.170125816,5.09873897,0.590606522,0.5,1.322219295,15,43
نیچه,چلسی,0.367879441,0.437965966,0.421052632,0.08606381,0.962900347,2.526940717,4.18842733,0.418923577,0.1,0.62324929,0,2
احترام متقابل,رقابت,0.472366553,0.542437034,0.705882353,0.083438841,0.959897263,2.124113544,3.946765648,0.397091729,0.125,0.720159303,8,1
شاخه,بازو,0.472366553,0.542453077,0.266666667,0.059619192,0.960055157,2.416708686,1.356096287,0.139191622,0.111111111,0.669006781,0,2
قربانی,تلفن,0.472366553,0.542437034,0.666666667,0.074705904,0.973036002,3.411818244,3.246267218,0.326613227,0.125,0.720159303,11.75,1
انحراف معیار,تجمیع,0.367879441,0.437965966,0.461538462,0.067289635,0.914572536,1.487559832,2.257985671,0.233057117,0.1,0.62324929,7,2
بهمن,برف,0.687289279,0.757391847,0,0,0.982463278,3.473451846,0,0,0.142857143,0.77815125,15,3
معلم,دانش‌آموز,0.535261429,0.60544422,0.142857143,0.054844501,0.964608908,3.91263784,0,0,0.142857143,0.77815125,14,8
گاو,ماست,0.472366553,0.542437034,0.266666667,0.058074001,0.97884097,4.070121023,1.356096287,0.136074992,0.1,0.62324929,11.75,1
تبعیض جنسیتی,جنسیت‌زدگی,1,1.132373698,1,20,1,3,20,1,1,2,16,76
قطب جنوب,رقص,0.367879441,0.437965966,0.125,0.051915227,0.953812909,1.683893436,0,0,0.090909091,0.581856605,0,2
دادستان,وکیل,0.687289279,0.757793074,1.058823529,0.429866872,0.928783836,2.58755957,8.834919385,0.883662468,0.333333333,1.146128036,14,28
راکت,توپ,0.535261429,0.605396085,0.769230769,0.081743026,0.989341719,3.625742516,3.378797309,0.355830412,0.166666667,0.84509804,12,5
وام,قرض,1,1.132373698,1,20,1,4,20,1,1,2,16,233
پرسپکتیو,فاصله,0.472366553,0.542420992,0.333333333,0.062366791,0.956440379,2.490337687,1.17626407,0.127947257,0.1,0.62324929,8.75,0
فدرر,دیلن,-1,-1,-1,-1,-1,-1,-1,-1,-1,-1,-1,-1
وکیل,نمایشگاه,0.472366553,0.542581437,0.352941176,0.066653173,0.940509969,3.09894478,1.998503479,0.210368304,0.125,0.720159303,11.75,10
امید به زندگی,شاخص آماری,-1,-1,-1,-1,-1,-1,-1,-1,-1,-1,-1,-1
غشای سلول,پروویروس,0.472366553,0.542420992,0.235294118,0.057857152,0.927329036,1.647327377,1.356096287,0.135635804,0.083333333,0.544068044,13,0
اتحادیه اروپا,مسکو,0.472366553,0.542453077,0.095238095,0.050009651,0.943370568,1.56200797,0,0,0.076923077,0.509305938,13,2
جهان,آسیا,0.687289279,0.757375803,0.6,0.08745629,0.97425058,3.505218428,3.946765648,0.394752744,0.166666667,0.84509804,14,2
پینت,فتوشاپ,-1,-1,-1,-1,-1,-1,-1,-1,-1,-1,-1,-1
مجلس سنا,قانون اساسی,0.687289279,0.75747207,0.222222222,0.075530186,0.98910872,3.400606049,3.319308881,0.33396209,0.090909091,0.581856605,15,8
جعفری,مافین,0.535261429,0.60533191,0.482758621,0.15457149,0.886495329,2.37935632,6.763321021,0.676462646,0.111111111,0.669006781,11,1
ذهن,مفز,-1,-1,-1,-1,-1,-1,-1,-1,-1,-1,-1,-1
مرسدس,اوپل,0.472366553,0.542613531,0.1,0.050009651,0.968114062,1.903913171,0,0,0.071428571,0.477121255,13,12
چکش,دندان,0.472366553,0.542581437,0.285714286,0.061207736,0.982153449,4.332418798,1.356096287,0.142372338,0.090909091,0.581856605,10.75,10
رنسانس,عصر نوزایی,1,1.132373698,1,20,1,4,20,1,1,2,16,52
دامن,ساعت,0.535261429,0.605347953,0.615384615,0.083786204,0.964384364,3.274470661,3.378797309,0.361509169,0.125,0.720159303,9,2
اپرا,سینما,0.535261429,0.605363996,0.6,0.083155602,0.963778632,3.22966902,3.946765648,0.396277937,0.111111111,0.669006781,13,3
معلم,آموزگار,0.882496903,0.965691196,1,20,1,6,20,1,1,2,16,818
خورشید,کابل,0.472366553,0.542469121,0.555555556,0.076699615,0.968073766,3.071899673,3.378797309,0.341370764,0.1,0.62324929,11.75,3
بحران اقتصادی,تولید ناخالص داخلی,0.472366553,0.542437034,0.5,0.072410404,0.902870772,1.611611369,3.092985145,0.309358215,0.111111111,0.669006781,11.75,1
سزار,قیصر,0.535261429,0.605412129,0.133333333,0.050009651,0.831731828,2.193273747,0,0,0.2,0.924279286,12,6
بیمار,جلسه,0.472366553,0.542469121,0.470588235,0.070427811,0.945135187,3.369463214,2.513842011,0.261495986,0.142857143,0.77815125,12.75,3
رفتارگرایی,درمان,0.472366553,0.542437034,0.555555556,0.093613876,0.920285473,2.526756666,4.525799521,0.458685605,0.111111111,0.669006781,12,1
امپراتور,قانون اساسی,0.367879441,0.437965966,0.08,0.051294243,0.978737745,2.872656519,0,0,0.090909091,0.581856605,11.75,2
ریاضی‌دان,نمایش,0.472366553,0.542485165,0.444444444,0.074179784,0.95701039,3.147559942,2.513842011,0.271642689,0.142857143,0.77815125,0,4
آنتروپی,اطلاعات,0.472366553,0.542453077,0.571428571,0.112061148,0.973524121,2.367550742,3.856032789,0.463583465,0.125,0.720159303,8,2
گلاب,روغن گل‌سرخ,0.535261429,0.605396085,0.357142857,0.09133972,0.958382533,2.268703171,4.52400042,0.452487363,0.142857143,0.77815125,12.75,5
مرکبات,گریپ‌فروت,0.778800783,0.850702717,0.952380952,0.352162585,0.95011291,2.322340167,8.397764766,0.85538176,0.5,1.322219295,15,115
ملکه ویکتوریا,انگلیس,0.472366553,0.542757977,0.090909091,0.050009651,0.990126166,2.627986498,0,0,0.090909091,0.581856605,14,21
بازی‌های المپیک,روح,0.535261429,0.60538004,0.75,0.083692805,0.944748527,3.279572809,3.946765648,0.397819544,0.2,0.924279286,9,4
اسقف,مسلمان,0.535261429,0.605347953,0.736842105,0.092681326,0.909821136,2.567886256,4.402894239,0.449379276,0.166666667,0.84509804,12,2
مرد,مظنون,0.687289279,0.757423935,1,0.094843144,0.960123558,2.621695975,4.402894239,0.455090956,0.333333333,1.146128036,14,5
شهاب‌سنگ,زمین,0.535261429,0.605363996,0.833333333,0.107566548,0.979172761,2.680741875,5.09873897,0.523107243,0.2,0.924279286,13,3
سمبل,نشانه,0.778800783,0.850397158,0.888888889,0.272520956,0.984174576,3.220697736,4.323030189,0.702046876,0.5,1.322219295,15,96
انسان‌شناسی,نیویورک,0.367879441,0.43793388,0.08,0.050977102,0.866761652,1.605291819,0,0,0.071428571,0.477121255,11,0
غروب,میز,0.367879441,0.437965966,0.125,0.052222478,0.952722218,3.144132537,0,0,0.066666667,0.447158031,11,2
شهرک,شهر,0.778800783,0.851088831,1,0.213074396,0.938853746,4.977931732,7.016726659,0.703315165,0.333333333,1.146128036,15,139
ژاکت,آب‌ معدنی,0.367879441,0.437949923,0.210526316,0.057857152,0.919798301,2.742045189,1.356096287,0.135635804,0.083333333,0.544068044,9.75,1
طبیعت,گیاه,0.535261429,0.60533191,0.666666667,0.094790182,0.960155073,5.023515064,2.513842011,0.322757095,0.166666667,0.84509804,13,1
رویه,کامپایلر,0.367879441,0.437965966,0.266666667,0.069434142,0.925723244,1.589245129,1.17626407,0.140410338,0.125,0.720159303,11,2
همدان,رم,0.535261429,0.60538004,0.96,0.131246649,0.94426691,3.637904618,6.188449123,0.61896436,0.25,1.021189299,13,4
چتر,بخاری,0.535261429,0.605315868,0.714285714,0.078871009,0.949846218,3.070244259,3.378797309,0.347675048,0.2,0.924279286,11.75,0
افتخار,عزت,0.472366553,0.542453077,0.727272727,0.092972398,0.837294676,1.202044866,4.417397418,0.450969388,0.166666667,0.84509804,0,2
نشان افتخار,کرامت,0.367879441,0.43793388,0.363636364,0.059463873,0.890518333,2.222526798,1.17626407,0.122722702,0.111111111,0.669006781,10.75,0
کی‌اف‌سی,مک‌دونالد,0.778800783,0.849770324,1,0.473461232,0.960274193,2.763725817,8.942017521,0.894374349,0.333333333,1.146128036,14,57
جوی‌استیک,رادار,0.472366553,0.542420992,0.736842105,0.104569224,0.919985186,2.423374097,5.216548619,0.521755551,0.166666667,0.84509804,0,0
باسماتی,برنج ژاسمین,-1,-1,-1,-1,-1,-1,-1,-1,-1,-1,-1,-1
مدال,کفش ورزشی,0.367879441,0.43793388,0.166666667,0.050865558,0.916838698,1.814904487,0,0,0.1,0.62324929,10.75,0
قانون,استخر,0.535261429,0.605363996,0.315789474,0.088619655,0.965844682,4.305919501,4.090666836,0.420298917,0.111111111,0.669006781,10.75,3
منبع,جعبه,0.535261429,0.605652853,0.769230769,0.087360764,0.967146308,3.281840313,3.378797309,0.371207054,0.166666667,0.84509804,10.75,21
تئاتر,باتری,0.535261429,0.605347953,0.666666667,0.078692859,0.973884842,3.419620407,3.378797309,0.347162366,0.125,0.720159303,7.75,2
گیا,مرورگر وب,0,0.070311173,0.125,0.070727262,0.972406965,3.545192086,0,0,0.125,0.720159303,8.75,16
لباس,ژاکت,0.778800783,0.848855222,0.8,0.193000784,0.931411316,2.595555937,6.072801963,0.700966871,0.25,1.021189299,14,0
شعر,وزن,0.687289279,0.758548063,0.416666667,0.092580244,0.974769196,3.148317768,4.525799521,0.455930137,0.333333333,1.146128036,14,75
پیامبر,کشیش,0.687289279,0.758098181,1,0.377400827,0.925617215,3.197582917,7.788575525,0.854626434,0.333333333,1.146128036,14,47
اسکار,استادیوم,0.367879441,0.437949923,0.166666667,0.050345853,0.962829576,2.332426461,0,0,0.111111111,0.669006781,10,1
تخته نرد,گو,0.535261429,0.605412129,0.875,0.203185205,0.942936802,2.47450664,7.537261097,0.753871592,0.2,0.924279286,0,6
پروانه,رز,0.472366553,0.542437034,0.125,0.050866803,0.962940943,3.036137984,0,0,0.090909091,0.581856605,10,1
حصار,پرش,0.472366553,0.542453077,0.166666667,0.055195651,0.971100196,3.062053148,0,0,0.125,0.720159303,11.75,2
پوچ‌گرایی,فیلم,0.472366553,0.542437034,0.428571429,0.068169863,0.957695354,2.520002711,2.257985671,0.235388161,0.1,0.62324929,10.75,1
سیارک,ستاره,0.687289279,0.75752021,1,0.317430133,0.969103593,2.990201242,7.898009366,0.833724976,0.333333333,1.146128036,14,11
شورش,نقاشی,0.472366553,0.542420992,0.307692308,0.06005876,0.924082718,3.166376393,1.17626407,0.123798449,0.111111111,0.669006781,11,0
لباس زیر,بدن,0.367879441,0.437965966,0.666666667,0.071952722,0.955310521,2.015547776,2.513842011,0.265653809,0.142857143,0.77815125,0,2
بوئینگ,هواپیما,0.472366553,0.542437034,0.117647059,0.051936712,0.921903962,2.413210887,0,0,0.090909091,0.581856605,11.75,1
تک‌جلوه,اجرا,-1,-1,-1,-1,-1,-1,-1,-1,-1,-1,-1,-1
نیم‌سال تحصیلی,ترم‌تحصیلی,1,1.132373698,1,20,1,3,20,1,1,2,16,13
پرتقال,مرکبات,0.778800783,0.850702717,0.952380952,0.352162585,0.962460939,2.467806306,8.397764766,0.85538176,0.5,1.322219295,15,115
یخچال طبیعی,گرمایش جهانی,0.472366553,0.542437034,0.142857143,0.050469827,0.986029377,2.482947187,0,0,0.1,0.62324929,10.75,1
تونل,مسیر,0.687289279,0.75735976,0.727272727,0.087598161,0.975829134,3.013758258,3.740881649,0.395912273,0.166666667,0.84509804,15,1
